encoding;item_group;item_subgroup;item_function;phenomenon;adverbial_class;adverbial_type;orientation;original ;ID;original_matrix verb;freq_matrix verb;P ;int arg;int arg_type;syntax_int arg;animacy_int arg;animacy_SUBJ;animacy_OBJ;condition 1;condition 2;condition 3;condition 4;key_condition 1_ORDER;key_condition 1_OBJ;key_condition 2_ORDER;key_condition 2_OBJ;key_condition 3_ORDER;key_condition 3_OBJ;key_condition 4_ORDER;key_condition 4_OBJ;mp_item1;mp_item2;condition_mp_item1;condition_mp_item2
t01;test;;test;advPP;internal;INSTR;SUBJ;Vorgangsmuster werden über einen graphischen Editor erstellt .;nzz_1993_10_20_a49_seg16_s17_hit1;erstellen;;ÜBER ;Grafikeditor;entity;P DETindef N;inanimate;animate;inanimate;Ich habe gehört, dass ein Angestellter über einen Grafikeditor was erstellt hat. Was es war, weiß ich aber nicht. ;Ich habe gehört, dass ein Angestellter was über einen Grafikeditor erstellt hat. Was es war, weiß ich aber nicht. ;Ich habe gehört, dass ein Angestellter über einen Grafikeditor ein Schnittmuster erstellt hat. Was für eins es war, weiß ich aber nicht.;Ich habe gehört, dass ein Angestellter ein Schnittmuster über einen Grafikeditor erstellt hat. Was für eins es war, weiß ich aber nicht.;PP>OBJ;W_Indef;OBJ>PP ;W_Indef;PP>OBJ;NP;OBJ>PP ;NP;;;;
t02;test;;test;advPP;internal;INSTR;SUBJ;Die Zahlung der gebuchten Leistungen erfolgt über Kreditkarte , und das Flugticket - falls die betreffende Airline noch nicht mit Electronic Ticketing arbeitet - wird Kunden aus Europa gegen eine Gebühr von rund 45 Franken per Kurier zugestellt . ;nzz_1999_03_18_a225_seg8_s2_hit1;abrechnen ;;ÜBER ;Kreditkarte ;entity;P DETindef N;inanimate;animate;inanimate;Ben hat erzählt, dass ein Geschäftsmann über eine Kreditkarte was abgerechnet hat. Was es war, weiß ich aber nicht.;Ben hat erzählt, dass ein Geschäftsmann was über eine Kreditkarte abgerechnet hat. Was es war, weiß ich aber nicht.;Ben hat erzählt, dass ein Geschäftsmann über eine Kreditkarte ein Firmenessen abgerechnet hat. Ob er ein Trinkgeld gegeben hat, weiß ich aber nicht.;Ben hat erzählt, dass ein Geschäftsmann ein Firmenessen über eine Kreditkarte abgerechnet hat. Ob er ein Trinkgeld gegeben hat, weiß ich aber nicht.;PP>OBJ;W_Indef;OBJ>PP ;W_Indef;PP>OBJ;NP;OBJ>PP ;NP;;;;
t03;test;;test;advPP;internal;INSTR;SUBJ;Die Farbe der Lampen kann über einen Raspberry Pi gesteuert werden. ;https://t3n.de/news/raspberry-pi-projekte-434138/3/;steuern;;ÜBER ;Computer;entity;P DETindef N;inanimate;animate;inanimate;Lea hat erzählt, dass ein Veranstaltungstechniker über einen Computer was gesteuert hat. Was es war, weiß ich aber nicht. ;Lea hat erzählt, dass ein Veranstaltungstechniker was über einen Computer gesteuert hat. Was es war, weiß ich aber nicht. ;Lea hat erzählt, dass ein Veranstaltungstechniker über einen Computer eine Anlage gesteuert hat. Was für eine, weiß ich aber nicht. ;Lea hat erzählt, dass ein Veranstaltungstechniker eine Anlage über einen Computer gesteuert hat. Was für eine, weiß ich aber nicht. ;PP>OBJ;W_Indef;OBJ>PP ;W_Indef;PP>OBJ;NP;OBJ>PP ;NP;;;;
t04;test;;test;advPP;internal;INSTR;SUBJ;Jede Station wurde vom Fahrer über ein Mikrofon angekündigt, samt den Umsteigeverbindungen. ;https://www.sn.at/wiki/Busfahren_(Geschichte);ankündigen;;ÜBER ;Mikrofon;entity;P DETindef N;inanimate;animate;inanimate;Ich habe gehört, dass ein Busfahrer über ein Mikrofon was angekündigt hat. Was es war, weiß ich aber nicht. ;Ich habe gehört, dass ein Busfahrer was über ein Mikrofon angekündigt hat. Was es war, weiß ich aber nicht. ;Ich habe gehört, dass ein Busfahrer über ein Mikrofon einen Haltestellenausfall angekündigt hat. Welche Busstation betroffen war, weiß ich aber nicht. ;Ich habe gehört, dass ein Busfahrer einen Haltestellenausfall über ein Mikrofon angekündigt hat. Welche Busstation betroffen war, weiß ich aber nicht. ;PP>OBJ;W_Indef;OBJ>PP ;W_Indef;PP>OBJ;NP;OBJ>PP ;NP;;;;
t05;test;;test;advPP;internal;INSTR;SUBJ;Mit dem pen-fähigen Notebook Computer « Concerto » bietet die Compaq Computer AG , Bassersdorf , einen vollwertigen Notebook , der sich sowohl über die Tastatur wie auch mittels eines Schreibstiftes bedienen lässt . ;nzz_1993_10_20_a49_seg29_s1_hit1;bedienen;;ÜBER ;Tastatur;entity;P DETindef N;inanimate;animate;inanimate;Ich habe gehört, dass ein Schüler über eine Tastatur was bedient hat. Was es war, weiß ich aber nicht. ;Ich habe gehört, dass ein Schüler was über eine Tastatur bedient hat. Was es war, weiß ich aber nicht. ;Ich habe gehört, dass ein Schüler über eine Tastatur ein Notebook bedient hat. Was er genau gemacht hat, weiß ich aber nicht. ;Ich habe gehört, dass ein Schüler ein Notebook über eine Tastatur bedient hat. Was er genau gemacht hat, weiß ich aber nicht. ;PP>OBJ;W_Indef;OBJ>PP ;W_Indef;PP>OBJ;NP;OBJ>PP ;NP;;;;
t06;test;;test;advPP;internal;INSTR;SUBJ;Zur Mundpflege können alle Lieblingsgetränke, eventuell über eine Pipette oder über eine kleine Sprayflasche verabreicht werden. ;https://www.hospiz.at/betroffene/fuer-erwachsene/so-geht-es-sterbenden/;verabreichen;;ÜBER ;Pipette ;entity;P DETindef N;inanimate;animate;inanimate;Max hat erzählt, dass ein Pfleger über eine Pipette was verabreicht hat. Was es war, weiß ich aber nicht. ;Max hat erzählt, dass ein Pfleger was über eine Pipette verabreicht hat. Was es war, weiß ich aber nicht. ;Max hat erzählt, dass ein Pfleger über eine Pipette ein Arzneimittel verabreicht hat. Was für eins, weiß ich aber nicht. ;Max hat erzählt, dass ein Pfleger ein Arzneimittel über eine Pipette verabreicht hat. Was für eins, weiß ich aber nicht. ;PP>OBJ;W_Indef;OBJ>PP ;W_Indef;PP>OBJ;NP;OBJ>PP ;NP;;;;
t07;test;;test;advPP;internal;INSTR;SUBJ;Es stehe zudem fest, dass die Substanz mittels Spritze injiziert worden sei - die Dopingaffäre wurde damit zum Kriminalstück.;Manual ;injizieren;;MITTELS;Spritze;entity;MOD P DETindef N;inanimate;animate;inanimate;Eva hat erzählt, dass ein Mediziner mittels einer Spritze was injiziert hat. Was es war, weiß ich aber nicht. ;Eva hat erzählt, dass ein Mediziner was mittels einer Spritze injiziert hat. Was es war, weiß ich aber nicht. ;Eva hat erzählt, dass ein Mediziner mittels einer Spritze eine Substanz injiziert hat. Was für eine es war, weiß ich aber nicht. ;Eva hat erzählt, dass ein Mediziner eine Substanz mittels einer Spritze injiziert hat. Was für eine es war, weiß ich aber nicht. ;PP>OBJ;W_Indef;OBJ>PP ;W_Indef;PP>OBJ;NP;OBJ>PP ;NP;;;;
t08;test;;test;advPP;internal;INSTR;SUBJ;Wie sich Schimmelpilze im Leder von Büchern einnisten , hat schon im siebzehnten Jahrhundert Hooke mit dem Mikroskop untersucht . ;nzz_1993_07_05_a35_seg6_s1_hit1 (bei MIT) ;untersuchen;;MITTELS ;Mikroskop;entity;MOD P DETindef N;inanimate;animate;inanimate;Ich habe gehört, dass ein Wissenschaftler mittels eines Mikroskops was untersucht hat. Was es war, weiß ich aber nicht. ;Ich habe gehört, dass ein Wissenschaftler was mittels eines Mikroskops untersucht hat. Was es war, weiß ich aber nicht. ;Ich habe gehört, dass ein Wissenschaftler mittels eines Mikroskops eine Probe untersucht hat. Was für eine es war, weiß ich aber nicht. ;Ich habe gehört, dass ein Wissenschaftler eine Probe mittels eines Mikroskops untersucht hat. Was für eine es war, weiß ich aber nicht. ;PP>OBJ;W_Indef;OBJ>PP ;W_Indef;PP>OBJ;NP;OBJ>PP ;NP;;;;
t09;test;;test;advPP;internal;INSTR;SUBJ;Der fünfjährige Sohn der Frau hatte das Bett seiner Schwester mit einem Feuerzeug angezündet.;nzz_1993_11_12_a52_seg8_s5_hit1 (bei MIT);anzünden;;MITTELS;Feuerzeug;entity;MOD P DETindef N;inanimate;animate;inanimate;Ich habe gehört, dass ein Heimkind mittels eines Feuerzeugs was angezündet hat. Was es war, weiß ich aber nicht. ;Ich habe gehört, dass ein Heimkind was mittels eines Feuerzeugs angezündet hat. Was es war, weiß ich aber nicht. ;Ich habe gehört, dass ein Heimkind mittels eines Feuerzeugs ein Bett angezündet hat. Warum er das getan hat, weiß ich aber nicht. ;Ich habe gehört, dass ein Heimkind ein Bett mittels eines Feuerzeugs angezündet hat. Warum er das getan hat, weiß ich aber nicht. ;PP>OBJ;W_Indef;OBJ>PP ;W_Indef;PP>OBJ;NP;OBJ>PP ;NP;;;;
t10;test;;test;advPP;internal;INSTR;SUBJ;Die Maschinen , die mit der bereits restaurierten Turbine und Seiltransmission angetrieben werden sollen , konnten aus einer kürzlich liquidierten Sammlung übernommen werden . ;nzz_1993_09_10_a210_seg3_s5_hit1;antreiben;;MITTELS;Turbine;entity;MOD P DETindef N;inanimate;animate;inanimate;Pia hat erzählt, dass ein Industriearbeiter mittels einer Turbine was angetrieben hat. Was es war, weiß ich aber nicht.;Pia hat erzählt, dass ein Industriearbeiter was mittels einer Turbine angetrieben hat. Was es war, weiß ich aber nicht.;Pia hat erzählt, dass ein Industriearbeiter mittels einer Turbine eine Maschine angetrieben hat. Welche genau, weiß ich aber nicht.;Pia hat erzählt, dass ein Industriearbeiter eine Maschine mittels einer Turbine angetrieben hat. Welche genau, weiß ich aber nicht.;PP>OBJ;W_Indef;OBJ>PP ;W_Indef;PP>OBJ;NP;OBJ>PP ;NP;;;;
t11;test;;test;advPP;internal;INSTR;SUBJ;Koller konnte seine Verletzung ** mittels medizinischen Attests ** und dreier Photos beweisen . ;nzz_1993_12_11_a97_seg1_s7_hit1;nachweisen;;MITTELS ;Attest;entity;MOD P DETindef N;inanimate;animate;inanimate;Ich habe gehört, dass ein Fußballer mittels eines Attests was nachgewiesen hat. Was es war, weiß ich aber nicht. ;Ich habe gehört, dass ein Fußballer was mittels eines Attests nachgewiesen hat. Was es war, weiß ich aber nicht. ;Ich habe gehört, dass ein Fußballer mittels eines Attests eine Verletzung nachgewiesen hat. Was für eine, weiß ich aber nicht. ;Ich habe gehört, dass ein Fußballer eine Verletzung mittels eines Attests nachgewiesen hat. Was für eine, weiß ich aber nicht. ;PP>OBJ;W_Indef;OBJ>PP ;W_Indef;PP>OBJ;NP;OBJ>PP ;NP;;;;
t12;test;;test;advPP;internal;INSTR;SUBJ;"Laut Cook haben die Flugangriffe Milosevics «Militärmaschinerie» schwer verringert: Der Treibstoff sei knapp, und die Truppenführer könnten nur noch mittels Mobiltelefon kommunizieren; es gebe Berichte über sinkende Moral.";Manual ;übermitteln;;MITTELS;Mobiltelefon;entity;MOD P DETindef N;inanimate;animate;inanimate;Jan hat erzählt, dass ein Truppenführer mittels eines Mobiltelefons was übermittelt hat. Was es war, weiß ich aber nicht. ;Jan hat erzählt, dass ein Truppenführer was mittels eines Mobiltelefons übermittelt hat. Was es war, weiß ich aber nicht.;Jan hat erzählt, dass ein Truppenführer mittels eines Mobiltelefons einen Befehl übermittelt hat. Was für einen, weiß ich aber nicht. ;Jan hat erzählt, dass ein Truppenführer einen Befehl mittels eines Mobiltelefons übermittelt hat. Was für einen, weiß ich aber nicht.;PP>OBJ;W_Indef;OBJ>PP ;W_Indef;PP>OBJ;NP;OBJ>PP ;NP;;;;
;;;;;;;;;;;;;;;;;;;;;;;;;;;;;;;;;;
t13;test;;test;advPP;internal;COM(O);OBJ;Am Ende wird Elektra dahinein das Beil wickeln und es mit dem Mantel des Vaters Agamemnon bestatten, dazu die Steine, die die Mutter an einer Kette um den Hals trägt und denen sie - die letzte Hüterin des Matriarchats, mit einem langen dunklen Haarschleier über dem weissen Kleid wie seine Hohepriesterin - so viel Kraft und Bedeutung beimisst. ;nzz_1994_03_31_a146_seg3_s10_hit1;vergraben;;(MOD) MIT;Stichwaffe;entity;MOD P DETindef N;inanimate;animate;inanimate;Lea hat erzählt, dass ein Kleinkrimineller zusammen mit einer Stichwaffe was vergraben hat. Was es war, weiß ich aber nicht. ;Lea hat erzählt, dass ein Kleinkrimineller was zusammen mit einer Stichwaffe vergraben hat. Was es war, weiß ich aber nicht. ;Lea hat erzählt, dass ein Kleinkrimineller zusammen mit einer Stichwaffe ein Kleidungsstück vergraben hat. Wo genau, weiß ich aber nicht. ;Lea hat erzählt, dass ein Kleinkrimineller ein Kleidungsstück zusammen mit einer Stichwaffe vergraben hat. Wo genau, weiß ich aber nicht. ;PP>OBJ;W_Indef;OBJ>PP ;W_Indef;PP>OBJ;NP;OBJ>PP ;NP;;;;
t14;test;;test;advPP;internal;COM(O);OBJ;Den Staaten wurde zusammen mit der Einladung ein vom IKRK ausgearbeiteter «Bericht über den Schutz von Kriegsopfern» zugestellt, der in seinem ersten Teil über Kriegsgreuel referiert. ;nzz_1993_08_27_a63_seg8_s4_hit1 ;verschicken;;(MOD) MIT;Einladung;entity;MOD P DETindef N;inanimate;animate;inanimate;Ich habe gehört, dass eine Schuldirektorin zusammen mit einer Einladung was verschickt hat. Was es war, weiß ich aber nicht.;Ich habe gehört, dass eine Schuldirektorin was zusammen mit einer Einladung verschickt hat. Was es war, weiß ich aber nicht.;Ich habe gehört, dass eine Schuldirektorin zusammen mit einer Einladung einen Bericht verschickt hat. Was für einen, weiß ich aber nicht.;Ich habe gehört, dass eine Schuldirektorin einen Bericht zusammen mit einer Einladung verschickt hat. Was für einen, weiß ich aber nicht.;PP>OBJ;W_Indef;OBJ>PP ;W_Indef;PP>OBJ;NP;OBJ>PP ;NP;;;;
t15;test;;test;advPP;internal;COM(O);OBJ;Er muss in der ersten Februarwoche sein Budget 1998 zusammen mit der mitelfristigen Finanzplanung vorlegen. ;nzz_1996_11_20_a65_seg4_s13_hit1;vorlegen;;(MOD) MIT;Finanzplan;entity;MOD P DETindef N;inanimate;animate;inanimate;Ich habe gehört, dass ein Abgeordneter zusammen mit einem Finanzplan was vorgelegt hat. Was es war, weiß ich aber nicht.;Ich habe gehört, dass ein Abgeordneter was zusammen mit einem Finanzplan vorgelegt hat. Was es war, weiß ich aber nicht.;Ich habe gehört, dass ein Abgeordneter zusammen mit einem Finanzplan einen Entwurf vorgelegt hat. Was für einen, weiß ich aber nicht.;Ich habe gehört, dass ein Abgeordneter einen Entwurf zusammen mit einem Finanzplan vorgelegt hat. Was für einen, weiß ich aber nicht.;PP>OBJ;W_Indef;OBJ>PP ;W_Indef;PP>OBJ;NP;OBJ>PP ;NP;;;;
t16;test;;test;advPP;internal;COM(O);OBJ;Bei Registrierung im Verein um an der Tombola teilzunehmen, gibt man sein Einverständnis, dass die Personalien (nur Vor-und Nachname und Nationalität) des Gewinners in den Medien veröffentlicht werden, zusammen mit einem Foto des Gewinners.;https://www.linguee.de/deutsch-englisch/search?source=auto&query=zusammen+mit+einem+Foto+des+Gewinners;veröffentlichen;;(MOD) MIT;Foto;entity;MOD P DETindef N;inanimate;animate;inanimate;Jan hat erzählt, dass ein Lokaljournalist zusammen mit einem Foto was veröffentlicht hat. Was es war, weiß ich aber nicht. ;Jan hat erzählt, dass ein Lokaljournalist was zusammen mit einem Foto veröffentlicht hat. Was es war, weiß ich aber nicht. ;Jan hat erzählt, dass ein Lokaljournalist zusammen mit einem Foto eine Teilnehmerliste veröffentlicht hat. Was für eine es war, weiß ich aber nicht. ;Jan hat erzählt, dass ein Lokaljournalist eine Teilnehmerliste zusammen mit einem Foto veröffentlicht hat. Was für eine es war, weiß ich aber nicht. ;PP>OBJ;W_Indef;OBJ>PP ;W_Indef;PP>OBJ;NP;OBJ>PP ;NP;;;;
t17;test;;test;advPP;internal;COM(O);OBJ;Einmal hat er mir Blumen zur Versöhnung gebracht und mich eine halbe Std. Später runtergeputzt weil ich sein Hemd zusammen mit einem Handtuch gewaschen habe.;https://www.psychologieforum.de/mein-freund-behandelt-mich-herablassend-16230.html;waschen;;(MOD) MIT;Handtuch;entity;MOD P DETindef N;inanimate;animate;inanimate;Tim hat erzählt, dass eine Haushälterin zusammen mit einem Handtuch was gewaschen hat. Was es war, weiß ich aber nicht. ;Tim hat erzählt, dass eine Haushälterin was zusammen mit einem Handtuch gewaschen hat. Was es war, weiß ich aber nicht. ;Tim hat erzählt, dass eine Haushälterin zusammen mit einem Handtuch ein Hemd gewaschen hat. Warum sie das getan hat, weiß ich aber nicht. ;Tim hat erzählt, dass eine Haushälterin ein Hemd zusammen mit einem Handtuch gewaschen hat. Warum sie das getan hat, weiß ich aber nicht. ;PP>OBJ;W_Indef;OBJ>PP ;W_Indef;PP>OBJ;NP;OBJ>PP ;NP;;;;
t18;test;;test;advPP;internal;COM(O);OBJ;Zusammen mit einem Preisgeld von 750.000 Euro wird den Preisträgern die Auszeichnung im Großen Festsaal des Hamburger Rathauses verliehen;https://www.biochem.mpg.de/578586/20120613_mann-koerberprize;verleihen;;(MOD) MIT;Preisgeld;entity;MOD P DETindef N;inanimate;animate;inanimate;Ich habe gehört, dass ein Kurator zusammen mit einem Preisgeld was verliehen hat. Was es war, weiß ich aber nicht. ;Ich habe gehört, dass ein Kurator was zusammen mit einem Preisgeld verliehen hat. Was es war, weiß ich aber nicht. ;Ich habe gehört, dass ein Kurator zusammen mit einem Preisgeld eine Auszeichnung verliehen hat. Was für eine es war, weiß ich aber nicht. ;Ich habe gehört, dass ein Kurator eine Auszeichnung zusammen mit einem Preisgeld verliehen hat. Was für eine es war, weiß ich aber nicht. ;PP>OBJ;W_Indef;OBJ>PP ;W_Indef;PP>OBJ;NP;OBJ>PP ;NP;;;;
t19;test;;test;advPP;internal;COM(O);OBJ;Apfelbeignets bestellt. Diese waren leider etwas salzig, als ob sie zusammen mit einem Schnitzel gebraten worden wären;https://www.opentable.com/haus-schwan?page=3;anbraten;;(MOD) MIT;Schnitzel;entity;MOD P DETindef N;inanimate;animate;inanimate;Ich habe gehört, dass eine Küchenhilfe zusammen mit einem Schnitzel was angebraten hat. Was es war, weiß ich aber nicht. ;Ich habe gehört, dass eine Küchenhilfe was zusammen mit einem Schnitzel angebraten hat. Was es war, weiß ich aber nicht. ;Ich habe gehört, dass eine Küchenhilfe zusammen mit einem Schnitzel einen Krapfen angebraten hat. Warum sie das getan hat, weiß ich aber nicht. ;Ich habe gehört, dass eine Küchenhilfe einen Krapfen zusammen mit einem Schnitzel angebraten hat. Warum sie das getan hat, weiß ich aber nicht. ;PP>OBJ;W_Indef;OBJ>PP ;W_Indef;PP>OBJ;NP;OBJ>PP ;NP;;;;
t20;test;;test;advPP;internal;COM(O);OBJ;Ich hab ein paar Bilder von meiner Katze mit einem Überweisungsträger verschickt, außerdem verkaufe ich die Katzenstreu in kleinen Tütchen am Bahnhof.;https://books.google.de/books?id=L8vDDgAAQBAJ&pg=PT120&lpg=PT120&dq=%22mit+einem+Überweisungsträger+verschickt%22&source=bl&ots=53ZScz2DUm&sig=ANw_AQeNPDPpX2xv9ZCvnbOK4iU&hl=de&sa=X&ved=0ahUKEwjX_oao8OfbAhVM7WEKHc_GCrEQ6AEILjAA#v=onepage&q=%22mit%20einem%20Überweisungsträger%20verschickt%22&f=false;versenden;;(MOD) MIT;Überweisungsträger;entity;MOD P DETindef N;inanimate;animate;inanimate;Pia hat erzählt, dass ein Tierschützer zusammen mit einem Überweisungsträger was versandt hat. Was es war, weiß ich aber nicht.;Pia hat erzählt, dass ein Tierschützer was zusammen mit einem Überweisungsträger versandt hat. Was es war, weiß ich aber nicht.;Pia hat erzählt, dass ein Tierschützer zusammen mit einem Überweisungsträger ein Broschüre versandt hat. Was für eine, weiß ich aber nicht.;Pia hat erzählt, dass ein Tierschützer eine Broschüre zusammen mit einem Überweisungsträger versandt hat. Was für eine, weiß ich aber nicht.;PP>OBJ;W_Indef;OBJ>PP ;W_Indef;PP>OBJ;NP;OBJ>PP ;NP;;;;
t21;test;;test;advPP;internal;COM(O);OBJ;"Die Plakette zeigt auf der Vorderseite Carl Friedrich Zelter (1758-1832, Begründer der modernen Chormusik), auf der Rückseite den Bundesadler mit der Umschrift „Für Verdienste um Chorgesang und Volkslied"". Sie wird zusammen mit einer Urkunde überreicht.";https://www.lokalkompass.de/bottrop/c-kultur/der-staedtische-musikverein-bottrop-erhaelt-die-zelter-plakette_a906795;überreichen;;(MOD) MIT;Urkunde;entity;MOD P DETindef N;inanimate;animate;inanimate;Ich habe gehört, dass ein Minister zusammen mit einer Urkunde was überreicht hat. Was es war, weiß ich aber nicht. ;Ich habe gehört, dass ein Minister was zusammen mit einer Urkunde überreicht hat. Was es war, weiß ich aber nicht. ;Ich habe gehört, dass ein Minister zusammen mit einer Urkunde einen Orden überreicht hat. Was für einen, weiß ich aber nicht. ;Ich habe gehört, dass ein Minister einen Orden zusammen mit einer Urkunde überreicht hat. Was für einen, weiß ich aber nicht. ;PP>OBJ;W_Indef;OBJ>PP ;W_Indef;PP>OBJ;NP;OBJ>PP ;NP;;;;
t22;test;;test;advPP;internal;COM(O);OBJ;Fallbeispiel 14”: K verkauft dem H einen antiken Schrank, den dieser zusammen mit einem Gemälde weiter an D verkauft ...;https://books.google.de/books?id=y7IHOFBwhrEC&pg=PA128&lpg=PA128&dq=%22zusammen+mit+einem+Gemälde%22&source=bl&ots=qizbevJJz1&sig=ACfU3U2lYzQBpZqoMwj9shYuXt2c5XFdHg&hl=de&sa=X&ved=2ahUKEwi7x8_Uh5XnAhVNZVAKHXsGAMcQ6AEwAnoECAcQAQ#v=onepage&q=%22zusammen%20mit%20einem%20Gemälde%22&f=false;verkaufen;;(MOD) MIT;Gemälde;entity;MOD P DETindef N;inanimate;animate;inanimate;Kai hat erzählt, dass ein Antiquitätenhändler zusammen mit einem Gemälde was verkauft hat. Was es war, weiß ich aber nicht.;Kai hat erzählt, dass ein Antiquitätenhändler was zusammen mit einem Gemälde verkauft hat. Was es war, weiß ich aber nicht.;Kai hat erzählt, dass ein Antiquitätenhändler zusammen mit einem Gemälde eine Statue verkauft hat. Was für eine, weiß ich aber nicht.;Kai hat erzählt, dass ein Antiquitätenhändler eine Statue zusammen mit einem Gemälde verkauft hat. Was für eine, weiß ich aber nicht.;PP>OBJ;W_Indef;OBJ>PP ;W_Indef;PP>OBJ;NP;OBJ>PP ;NP;;;;
t23;test;;test;advPP;internal;COM(O);OBJ;Wir wollen keine klassische Hochzeitstorte sondern einfach ein großes Erdbeerbodenherz. Und dieses soll es auch nach dem Essen (Buffet) gemeinsam mit dem Dessert geben. ;https://www.chefkoch.de/forum/2,25,728540/Hochzeits-torte-zusammen-mit-dem-Dessert.html;servieren;;(MOD) MIT;Süßspeise;entity;MOD P DETindef N;inanimate;animate;inanimate;Eva hat erzählt, dass ein Kellner zusammen mit einer Süßspeise was serviert hat. Was es war, weiß ich aber nicht. ;Eva hat erzählt, dass ein Kellner was zusammen mit einer Süßspeise serviert hat. Was es war, weiß ich aber nicht. ;Eva hat erzählt, dass ein Kellner zusammen mit einer Süßspeise ein Heißgetränk serviert hat. Was für eins, weiß ich aber nicht. ;Eva hat erzählt, dass ein Kellner ein Heißgetränk zusammen mit einer Süßspeise serviert hat. Was für eins, weiß ich aber nicht. ;PP>OBJ;W_Indef;OBJ>PP ;W_Indef;PP>OBJ;NP;OBJ>PP ;NP;;;;
t24;test;;test;advPP;internal;COM(O);OBJ;Für das Kürbiskernpesto nimmt man die abgezupften Blätter von einem Bund Petersilie und püriert sie zusammen mit einer Knoblauchzehe, 100 Milliliter Olivenöl, einem Esslöffel Kürbiskernmus, einem halben Teelöffel Salz, zwei Esslöffeln Zitronensaft sowie drei Esslöffeln Parmesan zu einer würzigen Masse. Darauf weist die Bundesvereinigung der Erzeugerorganisationen Obst und Gemüse hin.;https://www.fr.de/ratgeber/gesundheit/wuerziges-pesto-bacon-kuerbissuppe-10962746.html;pürieren;;(MOD) MIT;Knoblauchzehe;entity;MOD P DETindef N;inanimate;animate;inanimate;Ich habe gehört, dass ein Hobbykoch zusammen mit einer Knoblauchzehe was püriert hat. Was es war, weiß ich aber nicht. ;Ich habe gehört, dass ein Hobbykoch was zusammen mit einer Knoblauchzehe püriert hat. Was es war, weiß ich aber nicht. ;Ich habe gehört, dass ein Hobbykoch zusammen mit einer Knoblauchzehe eine Chilischote püriert hat. Wofür genau, weiß ich aber nicht. ;Ich habe gehört, dass ein Hobbykoch eine Chilischote zusammen mit einer Knoblauchzehe püriert hat. Wofür genau, weiß ich aber nicht. ;PP>OBJ;W_Indef;OBJ>PP ;W_Indef;PP>OBJ;NP;OBJ>PP ;NP;;;;
;;;;;;;;;;;;;;;;;;;;;;;;;;;;;;;;;;
;;;;;;;;;;;;;;;;;;;;;;;;;;;;;;;;;;
;;;;;;;;;;;;;;;;;;;;;;;;;;;;;;;;;;
;;;;;;;;;;;;;;;;;;;;;;;;;;;;;;;;;;
;;;;;;;;;;;;;;;;;;;;;;;;;;;;;;;;;;
;;;;;;;;;;;;;;;;;;;;;;;;;;;;;;;;;;
;;;;;;;;;;;;;;;;;;;;;;;;;;;;;;;;;;
;;;;;;;;;;;;;;;;;;;;;;;;;;;;;;;;;;
;;;;;;;;;;;;;;;;;;;;;;;;;;;;;;;;;;
;;;;;;;;;;;;;;;;;;;;;;;;;;;;;;;;;;
;;;;;;;;;;;;;;;;;;;;;;;;;;;;;;;;;;
;;;;;;;;;;;;;;;;;;;;;;;;;;;;;;;;;;
;;;;;;;;;;;;;;;;;;;;;;;;;;;;;;;;;;
;;;;;;;;;;;;;;;;;;;;;;;;;;;;;;;;;;
;;;;;;;;;;;;;;;;;;;;;;;;;;;;;;;;;;
;;;;;;;;;;;;;;;;;;;;;;;;;;;;;;;;;;
;;;;;;;;;;;;;;;;;;;;;;;;;;;;;;;;;;
;;;;;;;;;;;;;;;;;;;;;;;;;;;;;;;;;;
;;;;;;;;;;;;;;;;;;;;;;;;;;;;;;;;;;
;;;;;;;;;;;;;;;;;;;;;;;;;;;;;;;;;;
;;;;;;;;;;;;;;;;;;;;;;;;;;;;;;;;;;
;;;;;;;;;;;;;;;;;;;;;;;;;;;;;;;;;;
;;;;;;;;;;;;;;;;;;;;;;;;;;;;;;;;;;
;;;;;;;;;;;;;;;;;;;;;;;;;;;;;;;;;;
;;;;;;;;;;;;;;;;;;;;;;;;;;;;;;;;;;
;;;;;;;;;;;;;;;;;;;;;;;;;;;;;;;;;;
;;;;;;;;;;;;;;;;;;;;;;;;;;;;;;;;;;
;;;;;;;;;;;;;;;;;;;;;;;;;;;;;;;;;;
;;;;;;;;;;;;;;;;;;;;;;;;;;;;;;;;;;
;;;;;;;;;;;;;;;;;;;;;;;;;;;;;;;;;;
;;;;;;;;;;;;;;;;;;;;;;;;;;;;;;;;;;
;;;;;;;;;;;;;;;;;;;;;;;;;;;;;;;;;;
;;;;;;;;;;;;;;;;;;;;;;;;;;;;;;;;;;
;;;;;;;;;;;;;;;;;;;;;;;;;;;;;;;;;;
;;;;;;;;;;;;;;;;;;;;;;;;;;;;;;;;;;
;;;;;;;;;;;;;;;;;;;;;;;;;;;;;;;;;;
;;;;;;;;;;;;;;;;;;;;;;;;;;;;;;;;;;
;;;;;;;;;;;;;;;;;;;;;;;;;;;;;;;;;;
;;;;;;;;;;;;;;;;;;;;;;;;;;;;;;;;;;
;;;;;;;;;;;;;;;;;;;;;;;;;;;;;;;;;;
;;;;;;;;;;;;;;;;;;;;;;;;;;;;;;;;;;
;;;;;;;;;;;;;;;;;;;;;;;;;;;;;;;;;;
;;;;;;;;;;;;;;;;;;;potentielle Probleme MPen:;"sehr schwierige Konstruktion; hat evtl auch viel mit (von uns hier nicht kontrollierbarer) Intonation zu tun (Bspl WOHL, DOCH betont vs unbetont -> andere Funktion); einzelne Mpen oft auf spezifische Kontexte beschränkt";;;;;;;;;;;;;;
;;;;;;;;;;;;;;;;;;;;;;;;;;;;;;;;;;
;;;;;;;;;;;;;;;;;;;;;;;;;;;;;;;;;;